,id,fullName,shortName,city,country,longitude,latitude
0,1,M. A. Chidambaram Stadium,Chidambaram,Chennai,India,,
1,2,Eden Gardens,Eden Gardens,Kolkata,India,,
2,3,Sawai Mansingh Stadium,Sawai Mansingh Stadium,Jaipur,India,,
3,4,Wankhede Stadium,Wankhede Stadium,Mumbai,India,,
4,5,M. Chinnaswamy Stadium,M. Chinnaswamy Stadium,Bengaluru,India,,
5,6,ACA-VDCA Stadium,ACA-VDCA Stadium,Visakhapatnam,India,,
6,7,Maharashtra Cricket Association's International Stadium,Maharashtra Cricket Association's International Stadium,Pune,India,,
7,8,Feroz Shah Kotla Ground,Feroz Shah Kotla Ground,Delhi,India,,
8,9,IS Bindra Stadium,IS Bindra Stadium,Mohali,India,,
9,10,Rajiv Gandhi Intl. Cricket Stadium,Rajiv Gandhi Intl. Cricket Stadium,Hyderabad,India,,
10,11,HPCA Stadium,HPCA Stadium,Dharamsala,India,,
11,13,TBC,TBC,TBC,TBC,,
12,14,Barabati Stadium,Barabati Stadium,Cuttack,India,,
13,15,Jawaharlal Nehru Stadium,Jawaharlal Nehru Stadium,Kochi,India,,
14,16,DY Patil Stadium,DY Patil Stadium,Navi Mumbai,India,,
15,17,Holkar Cricket Stadium,Holkar Cricket Stadium,Indore,India,,
16,18,Brabourne Stadium,Brabourne Stadium,Mumbai,India,,
17,19,Sardar Patel Stadium,Sardar Patel Stadium,Ahmedabad,India,,
18,20,Vidarbha Cricket Association Stadium,Vidarbha Cricket Association Stadium,Nagpur,India,,
19,21,Newlands,Newlands,Cape Town,South Africa,,
20,22,St George's Park,St George's Park,Port Elizabeth,South Africa,,
21,23,Kingsmead,Kingsmead,Durban,South Africa,,
22,24,Supersport Park,Supersport Park,Centurion,South Africa,,
23,25,Buffalo Park,Buffalo Park,East London,South Africa,,
24,26,New Wanderers Stadium,New Wanderers Stadium,Johannesburg,South Africa,,
25,27,De Beers Diamond Oval,De Beers Diamond Oval,Kimberley,South Africa,,
26,28,OUTsurance Oval,OUTsurance Oval,Bloemfontein,South Africa,,
27,29,Moors Sports Club,Moors Sports Club,Colombo,Sri Lanka,,
28,30,NCC,NCC,Colombo,Sri Lanka,,
29,31,Colts Cricket Ground,Colts Cricket Ground,Colombo,Sri Lanka,,
30,32,P. Sara,P. Sara,Colombo,Sri Lanka,,
31,33,R Premadasa Stadium,R Premadasa Stadium,Colombo,Sri Lanka,,
32,34,Mahinda Rajapaksa International Cricket Stadium,Mahinda Rajapaksa International Cricket Stadium,Hambantota,Sri Lanka,,
33,35,Pallekele International Cricket Stadium,Pallekele International Cricket Stadium,Pallekele,Sri Lanka,,
34,36,Galle International Stadium,Galle International Stadium,Galle,Sri Lanka,,
35,37,Dubai International Stadium,Dubai International Stadium,Dubai,UAE,,
36,38,Emirates Riverside,Emirates Riverside,Chester-le-Street,England,,
37,39,Old Trafford,Old Trafford,Manchester,England,,
38,40,Edgbaston,Edgbaston,Birmingham,England,,
39,41,The Gabba,Brisbane Cricket Ground,Brisbane,Australia,,
40,42,Adelaide Oval,Adelaide Oval,Adelaide,Australia,,
41,43,WACA,WACA,Perth,Australia,,
42,44,Saurashtra Cricket Association Stadium,Saurashtra Cricket Association Stadium,Rajkot,India,,
43,45,Nehru Stadium,Nehru Stadium,Kochi,India,,
44,46,HEC International Cricket Stadium Complex,HEC International Cricket Stadium Complex,Ranchi,India,,
45,47,Docklands Stadium,Docklands Stadium,Melbourne,Australia,,
46,48,Sydney Cricket Ground,SCG,Sydney,Australia,,
47,50,Stadium Australia,Stadium Australia,Sydney,Australia,,
48,51,Melbourne Cricket Ground,MCG,Melbourne,Australia,,
49,52,Bellerive Oval,Bellerive Oval,Hobart,Australia,,
50,53,Boland Park,Boland Park,Paarl,South Africa,,
51,54,JB Marks Oval,JB Marks Oval,Potchefstroom,South Africa,,
52,55,JSCA International Cricket Stadium,JSCA Stadium,Ranchi,India,,
53,56,Middle Income Group Ground,Middle Income Group Ground,Mumbai,India,,
54,57,Bandra Kurla Complex,Bandra Kurla Complex,Mumbai,India,,
55,58,Manuka Oval,Manuka Oval,Canberra,Australia,,
56,59,Shaheed Veer Narayan Singh International Cricket Stadium,Shaheed Veer Narayan Singh International Cricket Stadium,Naya Raipur,India,,
57,60,Gymkhana Ground,Gymkhana Ground,Mumbai,India,,
58,61,DRIEMS Ground,DRIEMS Ground,Cuttack,India,,
59,62,Mangaung Oval,Mangaung Oval,Bloemfontein,South Africa,,
60,63,Willowmoore Park,Willowmoore Park,Benoni,South Africa,,
61,64,National Cricket Stadium,National Cricket Stadium,St George's,West Indies,,
62,65,Sir Vivian Richards Stadium,Sir Vivian Richards Stadium,North Sound,West Indies,,
63,66,Kensington Oval,Kensington Oval,Bridgetown,West Indies,,
64,67,Windsor Park,Windsor Park,Roseau,West Indies,,
65,68,Cardiff Wales Stadium,Cardiff Wales Stadium,Cardiff,Wales,,
66,69,The Oval,The Oval,London ,England,,
67,70,Trent Bridge,Trent Bridge,Nottingham,England,,
68,71,Lord's,Lord's Cricket Ground,London,England,0.0,0.0
69,72,The Ageas Bowl,The Ageas Bowl,Southampton,England,,
70,73,Headingley,Headingley,Leeds,England,,
71,74,Queens Sports Club,Queens Sports Club,Bulawayo,Zimbabwe,,
72,75,Grange Cricket Club Ground,Grange Cricket Club Ground,Edinburgh,Scotland,,
73,76,Clontarf Cricket Club Ground,Clontarf Cricket Club Ground,Dublin,Ireland,,
74,77,VRA Cricket Ground,VRA Cricket Ground,Amstelveen,Netherlands,,
75,78,Sabina Park,Sabina Park,Kingston,West Indies,,
76,79,Queen's Park Oval,Queen's Park Oval,Port of Spain,West Indies,,
77,81,Anglesea Road,Anglesea Road,Dublin,Ireland,,
78,82,The Oval,The Oval,London,England,,
79,84,Harare Sports Club,Harare Sports Club,Harare,Zimbabwe,,
80,85,Mannofield Park,Mannofield Park,Aberdeen,Scotland,,
81,86,Maple Leaf North-West Ground,MLN-W Ground,King City,Canada,,
82,87,Wanderers Cricket Ground,Wanderers Cricket Ground,Windhoek,Namibia,,
83,88,Sportpark Het Schootsveld,Sportpark Het Schootsveld,Deventer,Netherlands,,
84,89,Hagley Oval,Hagley Oval,Christchurch,New Zealand,,
85,90,Eden Park,Eden Park,Auckland,New Zealand,,
86,91,McLean Park,McLean Park,Napier,New Zealand,,
87,92,Wellington Regional Stadium,Wellington Regional Stadium,Wellington,New Zealand,,
88,93,Saxton Oval,Saxton Oval,Nelson,New Zealand,,
89,94,University Oval,University Oval,Dunedin,New Zealand,,
90,95,Seddon Park,Seddon Park,Hamilton,New Zealand,,
91,96,Bert Sutcliffe Oval,Bert Sutcliffe Oval,Christchurch,New Zealand,,
92,97,Blacktown Oval,Blacktown,Sydney,Australia,,
93,98,North Sydney Oval,North Sydney,Sydney,Australia,,
94,99,Providence Stadium,Providence Stadium,Providence,West Indies,,
95,100,Daren Sammy National Cricket Stadium,Daren Sammy National Cricket Stadium,Gros Islet,West Indies,,
96,101,Arnos Vale Ground,Arnos Vale Ground,Kingstown,West Indies,,
97,102,Zayed Cricket Stadium,Zayed Cricket Stadium,Abu Dhabi,UAE,,
98,104,Sharjah Cricket Stadium,Sharjah Cricket Stadium,Sharjah,UAE,,
99,105,FB Fields,FB Fields,St Clement,Jersey,,
0,106,Grainville,Grainville,St Saviour,Jersey,,
1,107,Les Quennevais,Les Quennevais,St Brelade,Jersey,,
2,108,Farmers Cricket Club Ground,Farmers Cricket Club Ground,St Martin,Jersey,,
3,109,The Vineyard,The Vineyard,Dublin,Ireland,,
4,110,YMCA Cricket Club,YMCA Cricket Club,Dublin,Ireland,,
5,112,Malahide,Malahide,Dublin,Ireland,,
6,113,Basin Reserve,Basin Reserve,Wellington,New Zealand,,
7,114,John Davies Oval,John Davies Oval,Queenstown,New Zealand,,
8,115,Westpac Stadium,Westpac Stadium,Wellington,New Zealand,,
9,116,ICC Academy Oval 1,ICC Academy Oval 1,Dubai,UAE,,
10,117,Civil Service Cricket Club,Civil Service Cricket Club,Belfast,Northern Ireland,,
11,118,Abu Dhabi Oval 1,Abu Dhabi Oval 1,Abu Dhabi,UAE,,
12,119,Abu Dhabi Oval 2,Abu Dhabi Oval 2,Abu Dhabi,UAE,,
13,120,ICC Academy Oval 2,ICC Academy Oval 2,Dubai,UAE,,
14,122,Zahur Ahmed Chowdhury Stadium,Zahur Ahmed Chowdhury Stadium,Chittagong,Bangladesh,,
15,123,Sher-e-Bangla National Cricket Stadium,Sher-e-Bangla National Cricket Stadium,Mirpur,Bangladesh,,
16,124,Khan Shaheb Osman Ali Stadium,Khan Shaheb Osman Ali Stadium,Fatullah,Bangladesh,,
17,125,Sylhet International Cricket Stadium,Sylhet International Cricket Stadium,Sylhet,Bangladesh,,
18,126,Rangiri Dambulla International Stadium,Rangiri Dambulla International Stadium,Dambulla,Sri Lanka,,
19,127,duplicate4,duplicate4,duplicate4,duplicate4,,
20,128,ICC Academy,ICC Academy,Dubai,UAE,,
21,129,Bangladesh Krira Shikkha Prothisthan,BKSP,Savar,Bangladesh,,
22,130,MA Aziz Stadium,MA Aziz Stadium,Chittagong,Bangladesh,,
23,131,Green Park,Green Park,Kanpur,India,,
24,132,Bay Oval,Bay Oval,Tauranga,New Zealand,,
25,133,Bay Oval 2,Bay Oval 2,Mount Maunganui,New Zealand,,
26,134,Pukekura Park,Pukekura Park,New Plymouth,New Zealand,,
27,135,Yarrow Stadium ,Yarrow Stadium ,New Plymouth,New Zealand,,
28,136,Dudley Park,Dudley Park,Rangiora,New Zealand,,
29,137,Rangiora Oval,Rangiora Oval,Rangiora,New Zealand,,
30,139,"The Sevens Stadium, Pitch 1","The Sevens Stadium, Pitch 1",Dubai,United Arab of Emirates,,
31,140,"The Sevens Stadium, Pitch 2","The Sevens Stadium, Pitch 2",Dubai,United Arab of Emirates,,
32,141,Christ's College Cricket Oval,Christ's College Cricket Oval,Christchurch,New Zealand,,
33,142,St Andrew's College,St Andrew's College,Christchurch,New Zealand,,
34,143,Burwood Park,Burwood Park,Christchurch,New Zealand,,
35,144,Agartala,Agartala,Agartala,India,,
36,145,Ahmedabad,Ahmedabad,Ahmedabad,India,,
37,146,Anantapur,Anantapur,Anantapur,India,,
38,147,Bangalore,Bangalore,Bangalore,India,,
39,148,Baroda,Baroda,Baroda,India,,
40,149,Chennai,Chennai,Chennai,India,,
41,150,Cuttack,Cuttack,Cuttack,India,,
42,151,Delhi,Delhi,Delhi,India,,
43,152,Delhi (Palam),Delhi (Palam),Delhi (Palam),India,,
44,153,Delhi R,Delhi R,Delhi R,India,,
45,154,Dhanbad,Dhanbad,Dhanbad,India,,
46,155,Dharamshala,Dharamshala,Dharamshala,India,,
47,156,Ghaziabad,Ghaziabad,Ghaziabad,India,,
48,157,Goa,Goa,Goa,India,,
49,158,Guwahati,Guwahati,Guwahati,India,,
50,159,Gwalior,Gwalior,Gwalior,India,,
51,160,TBC,Hyderabad,Hyderabad,India,,
52,161,Indore,Indore,Indore,India,,
53,162,Jaipur,Jaipur,Jaipur,India,,
54,163,Jammu,Jammu,Jammu,India,,
55,164,Jamshedpur,Jamshedpur,Jamshedpur,India,,
56,165,Kadapa,Kadapa,Kadapa,India,,
57,166,Kanpur,Kanpur,Kanpur,India,,
58,167,Kochi,Kochi,Kochi,India,,
59,168,Kolkata,Kolkata,Kolkata,India,,
60,169,Lahli,Lahli,Lahli,India,,
61,170,Lucknow,Lucknow,Lucknow,India,,
62,171,Meerut,Meerut,Meerut,India,,
63,172,Mohali,Mohali,Mohali,India,,
64,173,Mumbai,Mumbai,Mumbai,India,,
65,174,Nagpur,Nagpur,Nagpur,India,,
66,175,Pune,Pune,Pune,India,,
67,176,Rajkot,Rajkot,Rajkot,India,,
68,177,Sambalpur,Sambalpur,Sambalpur,India,,
69,178,Srinagar,Srinagar,Srinagar,India,,
70,179,Visakhapatnam,Visakhapatnam,Visakhapatnam,India,,
71,180,Raipur,Raipur,Raipur,India,,
72,181,Vijayawada,Vijayawada,Vijayawada,India,,
73,182,Hubli,Hubli,Hubli,India,,
74,183,Mysore,Mysore,Mysore,India,,
75,184,Shimoga,Shimoga,Shimoga,India,,
76,185,Amtar,Amtar,Amtar,India,,
77,186,Bhilwara,Bhilwara,Bhilwara,India,,
78,187,Dibrugarh,Dibrugarh,Dibrugarh,India,,
79,188,Goalpara,Goalpara,Goalpara,India,,
80,189,Kalyani,Kalyani,Kalyani,India,,
81,190,Malappuram,Malappuram,Malappuram,India,,
82,191,Moradabad,Moradabad,Moradabad,India,,
83,192,Muzzaffarnagar,Muzzaffarnagar,Muzzaffarnagar,India,,
84,193,Ongole,Ongole,Ongole,India,,
85,194,Ranchi,Ranchi,Ranchi,India,,
86,195,Rewa,Rewa,Rewa,India,,
87,196,Silchar,Silchar,Silchar,India,,
88,197,Udaipur,Udaipur,Udaipur,India,,
89,198,Valsad,Valsad,Valsad,India,,
90,199,Patiala,Patiala,Patiala,India,,
91,200,Bilaspur,Bilaspur,Bilaspur,India,,
92,201,Golaghat,Golaghat,Golaghat,India,,
93,202,Kota,Kota,Kota,India,,
94,203,Mangaldoi,Mangaldoi,Mangaldoi,India,,
95,204,Nadiad,Nadiad,Nadiad,India,,
96,205,Nowgong,Nowgong,Nowgong,India,,
97,206,Rajsamand,Rajsamand,Rajsamand,India,,
98,207,Surat,Surat,Surat,India,,
99,208,Thalaserry,Thalaserry,Thalaserry,India,,
0,209,Wayanad Krishnagiri,Wayanad Krishnagiri,Wayanad Krishnagiri,India,,
1,210,bokaro Steel City,bokaro Steel City,bokaro Steel City,India,,
2,211,Anand,Anand,Anand,India,,
3,212,Hailakandi,Hailakandi,Hailakandi,India,,
4,213,Jodhupur,Jodhupur,Jodhupur,India,,
5,214,Sagar,Sagar,Sagar,India,,
6,215,chaibasa,chaibasa,chaibasa,India,,
7,216,Chandigarh,Chandigarh,Chandigarh,India,,
8,217,Moti Bagh Stadium,Moti Bagh Stadium,Baroda,India,,
9,218,Uttar Pradesh ,Uttar Pradesh ,Uttar Pradesh ,India,,
10,219,Kinrara Oval,Kinrara Oval,Kuala Lumpur,Malaysia,,
11,220,Royal Selangor Club,Royal Selangor Club,Kuala Lumpur,Malaysia,,
12,221,Bayuemas Oval,Bayuemas Oval,Kuala Lumpur,Malaysia,,
13,222,Sinhalese Sports Club Ground,Sinhalese Sports Club Ground,Colombo,Sri Lanka,,
14,223,Bristol County Ground,Bristol County Ground,Bristol,England,0.0,0.0
15,225,Warner Park,Warner Park,Basseterre,West Indies,,
16,226,Singapore Cricket Club,Singapore Cricket Club,Singapore,Singapore,,
17,227,Indian Association Ground,Indian Association Ground,Singapore,Singapore,,
18,228,Kallang,Kallang,Singapore,Singapore,,
19,229,Marrara Stadium,Marrara Stadium,Darwin,Australia,,
20,230,Allan Border Field,Allan Border Field,Brisbane,Australia,,
21,231,Gardens Oval,Gardens Oval,Darwin,Australia,,
22,232,Northline Oval,Northline Oval,Palmerston,Australia,,
23,233,Peter Burge Oval,Peter Burge Oval,Brisbane,Australia,,
24,234,North Marine Road Ground,North Marine Road Ground,Scarborough,England,,
25,235,Kerrydale Oval,Kerrydale Oval,Gold Coast,Australia,,
26,237,Kingston Twin Ovals,Kingston Twin Ovals,Hobart,Australia,,
27,238,Anzac Park,Anzac Park,Hobart,Australia,,
28,239,Murdoch University Ground,Murdoch University Ground,Perth,Australia,,
29,240,John Blanck Oval,John Blanck Oval,Buderim,Australia,,
30,241,Nondescripts Cricket Club,Nondescripts Cricket Club,Colombo,Sri Lanka,,
31,242,Sheikh Abu Naser Stadium,Sheikh Abu Naser Stadium,Khulna,Bangladesh,,
32,243,Selangor Turf Club,Selangor Turf Club,Kuala Lumpur,Malaysia,,
33,244,Hurstville Oval,Hurstville Oval,Sydney,Australia,,
34,245,Bradman Oval,Bradman Oval,Bowral,Australia,,
35,246,Junction Oval,Junction Oval,Melbourne,Australia,,
36,247,Arbab Niaz Stadium,Arbab Niaz Stadium,Peshawar,Pakistan,,
37,248,Asgiriya Stadium,Asgiriya Stadium,Kandy,Sri Lanka,,
38,249,Berri Oval,Berri Oval,Berri,Australia,,
39,250,Captain Roop Singh Stadium,Captain Roop Singh Stadium,Gwalior,India,,
40,251,Carisbrook,Carisbrook,Dunedin,New Zealand,,
41,252,Castle Avenue,Castle Avenue,Dublin,Ireland,,
42,253,Chittagong Divisional Stadium,Chittagong Divisional Stadium,Chittagong,Bangladesh,,
43,254,City Oval,City Oval,Pietermaritzburg,South Africa,,
44,255,The Cloudfm County Ground,The Cloudfm County Ground,Chelmsford,England,,
45,256,County Ground,County Ground,Derby,England,0.0,0.0
46,257,The 1st Central County Ground,The 1st Central County Ground,Hove,England,,
47,258,County Ground,County Ground,Worcester,England,,
48,259,The County Ground,The County Ground,Northampton,England,0.0,0.0
49,260,The County Ground,The County Ground,Taunton,England,0.0,0.0
50,261,Eastern Oval,Eastern Oval,Ballarat,Australia,,
51,262,Gaddafi Stadium,Gaddafi Stadium,Lahore,Pakistan,,
52,263,Grace Road,Grace Road,Leicester,England,0.0,0.0
53,264,Gymkhana Club Ground,Gymkhana Club Ground,Nairobi,Kenya,,
54,265,Iqbal Stadium,Iqbal Stadium,Faisalabad,Pakistan,,
55,266,Jinnah Stadium,Jinnah Stadium,Gujranwala,Pakistan,,
56,267,Lal Bahadur Shastri Stadium,Lal Bahadur Shastri Stadium,Hyderabad,India,,
57,268,Lancaster Park,Lancaster Park,Christchurch,New Zealand,,
58,269,Lavington Sports Oval,Lavington Sports Oval,Albury,Australia,,
59,270,Modi Stadium,Modi Stadium,Kanpur,India,,
60,271,Moin-ul-Haq Stadium,Moin-ul-Haq Stadium,Patna,India,,
61,272,National Stadium,National Stadium,Karachi,Pakistan,,
62,273,Niaz Stadium,Niaz Stadium,Hyderabad,Pakistan,,
63,274,Pindi Club Ground,Pindi Club Ground,Rawalpindi,Pakistan,,
64,275,Rawalpindi Cricket Stadium,Rawalpindi Cricket Stadium,Rawalpindi,Pakistan,,
65,276,Ray Mitchell Oval,Ray Mitchell Oval,Mackay,Australia,,
66,277,Reliance Cricket Stadium,Reliance Cricket Stadium,Vadodara,India,,
67,278,St Helen's,St Helen's,Swansea,Wales,,
68,279,St Lawrence Ground,St Lawrence Ground,Canterbury,England,,
69,280,The Nevill Ground,The Nevill Ground,Tunbridge Wells,England,,
70,281,United Cricket Club Ground,United Cricket Club Ground,Windhoek,Namibia,,
71,282,Affies Park,Affies Park,Windhoek,Namibia,,
72,283,New Williamfield,New Williamfield,Stirling,Scotland,,
73,284,Stormont,Stormont,Belfast,Northern Ireland,,
74,285,Bready Cricket Club,Bready Cricket Club,Londonderry,Northern Ireland,,
75,286,Watson's,Watson's,Edinburgh,Scotland,,
76,287,Heriot's,Heriot's,Edinburgh,Scotland,,
77,288,VOC Rotterdam,VOC Rotterdam,Rotterdam,Netherlands,,
78,289,Hazelaarweg,Hazelaarweg,Rotterdam,Netherlands,,
79,290,Cambusdoon New Ground,Cambusdoon New Ground,Ayr,Scotland,,
80,291,New Road,New Road,Worcester,England,,
81,292,University Oval,University Oval,Kathmandu,Nepal,,
82,293,Voorburg Cricket Ground,Voorburg Cricket Ground,Voorburg,Netherlands,,
83,294,Ashlyns Road,Ashlyns Road,Frinton-On-Sea,England,,
84,295,Castle Park Cricket Ground,Castle Park Cricket Ground,Colchester,England,,
85,296,Cricket Field Lane,Cricket Field Lane,Bishop's Stortford,England,,
86,297,Drapers Farm Sports Club,Drapers Farm Sports Club,Maldon,England,,
87,298,Hare Field,Hare Field,Coggeshall,England,,
88,299,Kelvedon and Feering Cricket Club,Kelvedon and Feering Cricket Club,Feering,England,,
89,300,Star Stile,Star Stile,Halstead,England,,
90,301,West Mersea Cricket Club,West Mersea Cricket Club,West Mersea,England,,
91,302,Khan Shaheb Osman Ali Outer Stadium,Khan Shaheb Osman Ali Outer Stadium,Dhaka,Bangladesh,,
92,303,BKSP Cricket Ground 1,BKSP Cricket Ground 1,Dhaka,Bangladesh,,
93,304,BKSP Cricket Ground 2,BKSP Cricket Ground 2,Dhaka,Bangladesh,,
94,305,BKSP Cricket Ground 3,BKSP Cricket Ground 3,Dhaka,Bangladesh,,
95,306,BKSP Cricket Ground 4,BKSP Cricket Ground 4,Dhaka,Bangladesh,,
96,307,Sheikh Kamal International Cricket Stadium,Sheikh Kamal International Cricket Stadium,Cox's Bazar,Bangladesh,,
97,308,Sheikh Kamal International Cricket Stadium Academy Ground,Sheikh Kamal International Cricket Stadium Academy Ground,Cox's Bazar,Bangladesh,,
98,309,Sylhet District Stadium,Sylhet District Stadium,Sylhet,Bangladesh,,
99,310,Thailand Cricket Ground,Thailand Cricket Ground,Bangkok,Thailand,,
0,311,Asian Institute of Technology Ground,Asian Institute of Technology Ground,Bangkok,Thailand,,
1,312,Ajman Oval Ground,Ajman Oval Ground,Ajman,United Arab Emirates,,
2,313,Tin Kwong Road Recreation Ground,Mission Road,Mong Hok,Hong Kong,,
3,314,Tony Ireland Stadium,Tony Ireland Stadium,Townsville,Australia,,
4,315,Sector 16 Stadium,Sector 16 Stadium,Mohali,India,,
5,316,PCA Cricket Stadium,PCA Cricket Stadium,Mohali,India,,
6,317,Jadavpur University Campus,Jadavpur University Campus,Kolkata,India,,
7,318,Guru Nanak,Guru Nanak,Chennai,India,,
8,319,Greater Noida Sports Complex Ground,Greater Noida Sports Complex Ground,Uttar Pradesh,India,,
9,320,Tribhuvan University Oval,Tribhuvan University Oval,Kirtipur,Nepal,,
10,321,Amini Park,Amini Park,Port Moresby,Papua New Guinea,,
11,322,Faleata Oval,Faleata Oval,Apia,Samoa,,
12,323,Garon Park,Garon Park,Southend,England,,
13,324,Hong Kong Cricket Club,Hong Kong Cricket Club,Wong Nai Chung Gap,Hong Kong,,
14,325,Kowloon Cricket Club,Kowloon Cricket Club,Kowloon,Hong Kong,,
15,326,Sportpark Thurlede,Sportpark Thurlede,Schiedam,Netherlands,,
16,327,Central Broward Regional Park Stadium Turf Ground,Central Broward Regional Park Stadium Turf Ground,Lauderhill,USA,,
17,328,Gardet,Gardet,Stockholm,Sweden,,
18,329,Skarpnack One,Skarpnack One,Stockholm,Sweden,,
19,330,Skarpnack Two,Skarpnack Two,Stockholm,Sweden,,
20,331,Kelab Aman,Kelab Aman,Kuala Lumpur,Malaysia,,
21,332,The Spitfire Ground,The Spitfire Ground,Beckenham,England,,
22,333,Old Deer Park,Old Deer Park,Richmond,England,,
23,334,Arundel Castle,Arundel Castle,Arundel,England,,
24,335,Uxbridge Cricket Ground,Uxbridge Cricket Ground,Uxbridge,England,,
25,336,Queen's Park,Queen's Park,Chesterfield,England,,
26,337,College Ground,College Ground,Cheltenham,England,,
27,338,Welbeck Colliery CC,Welbeck Colliery CC,Nettleworth,England,,
28,339,Cricketfield Road,Cricketfield Road,Horsham,England,,
29,340,Stanley Park,Stanley Park,Blackpool,England,,
30,341,Radlett Cricket Club,Radlett Cricket Club,Radlett,England,,
31,342,Woodbridge Road,Woodbridge Road,Guildford,England,,
32,343,Aigburth,Aigburth,Liverpool,England,,
33,344,Castle Park,Castle Park,Colchester,England,,
34,345,Rugby School,Rugby School,Rugby,England,,
35,346,Merchant Taylors' School,Merchant Taylors' School,Northwood,England,,
36,347,Trafalgar Road Ground,Trafalgar Road Ground,Southport,England,,
37,348,Colwyn Bay,Colwyn Bay,Colwyn Bay,Wales,,
38,349,Roseworth Terrace,Roseworth Terrace,Gosforth,England,,
39,350,Haslegrave Ground,Haslegrave Ground,Loughborough,England,,
40,351,Bristol County Ground,Bristol County Ground,Bristol ,England,0.0,0.0
41,352,Trelawny Stadium,Trelawny Stadium,Trelawny,Jamaica,,
42,353,The Severn,The Severn,Los Angeles,USA,,
43,354,The Wright,The Wright,Los Angeles,USA,,
44,355,The Wong,The Wong,Los Angeles,USA,,
45,356,Simonds Stadium,Simonds Stadium,Geelong,Australia,,
46,357,Mulapudu Cricket Ground,Mulapudu Cricket Ground,Vijayawada,India,,
47,358,Terdthai Cricket Ground,Terdthai Cricket Ground,Bangkok,Thailand,,
48,359,The Saffrons,The Saffrons,Eastbourne,England,,
49,360,Colombo Cricket Club,Colombo Cricket Club,Colombo,Sri Lanka,,
50,361,Mercantile Cricket Association,Mercantile Cricket Association,Colombo,Sri Lanka,,
51,362,Richmond Cricket Ground,Richmond Cricket Ground,Middlesex,England,,
52,363,York Cricket Club,York Cricket Club,York,England,,
53,364,Queen Elizabeth Oval,Queen Elizabeth Oval,Bendigo,Australia,,
54,365,Dower Park,Dower Park,Bendigo,Australia,,
55,366,Canterbury Park,Canterbury Park,Bendigo,Australia,,
56,367,Weeroona Oval,Weeroona Oval,Bendigo,Australia,,
57,368,White Hills Oval,White Hills Oval,Bendigo,Australia,,
58,369,Strathfieldsaye,Strathfieldsaye,Bendigo,Australia,,
59,370,ICC Academy Oval 2,ICC Academy Oval 2,Dubai,United Arab Emirates,,
60,371,Welagedara Stadium,Welagedara Stadium,Kurunegala,Sri Lanka,,
61,372,Fenner's,Fenner's,Cambridge,England,,
62,373,Maharashtra Cricket Association Stadium,Maharashtra Cricket Association Stadium,Pune,India,,
63,374,M.Chinnaswamy Stadium,M.Chinnaswamy Stadium,Bangalore,India,,
64,375,JSCA International Stadium Complex,JSCA International Stadium Complex,Ranchi,India,,
65,376,Himachal Pradesh Cricket Association Stadium,Himachal Pradesh Cricket Association Stadium,Dharamsala,India,,
66,377,Colin Maiden Park,Colin Maiden Park,Auckland,New Zealand,,
67,378,C.ex International Stadium,C.ex International Stadium,Coffs Harbour,Australia,,
68,379,Greater Noida Sports Complex Ground,Greater Noida Sports Complex Ground,Greater Noida,India,,
69,380,P Sara Oval,P Sara Oval,Colombo,Sri Lanka,,
70,381,The Parks,The Parks,Oxford,England,,
71,382,Weetwood Playing Fields,Weetwood Playing Fields,Leeds,England,,
72,383,North-West University Ground,North-West University Ground,Potchefstroom,South Africa,0.0,0.0
73,384,Willowmoore Park B,Willowmoore Park B,Benoni,South Africa,0.0,0.0
74,385,Willowmoore Park C,Willowmoore Park C,Benoni,South Africa,0.0,0.0
75,386,Prem Tinsulanonda International School,Prem Tinsulanonda International School,Chiang Mai,Thailand,0.0,0.0
76,387,Gymkhana Club,Gymkhana Club,Chiang Mai,Thailand,0.0,0.0
77,388,Royal Chiangmai Golf Club,Royal Chiangmai Golf Club,Chiang Mai,Thailand,0.0,0.0
78,389,Sano International Cricket Ground,Sano International Cricket Ground,Sano,Japan,0.0,0.0
79,390,Traeger Park,Traeger Park,Alice Springs,Australia,,
80,391,The Village,The Village,Dublin,Ireland,,
81,392,Clontarf Cricket Club,Clontarf Cricket Club,Dublin,Ireland,,
82,393,The Grange,The Grange,Edinburgh,Scotland,,
83,394,Brisbane Cricket Ground,Brisbane Cricket Ground,Brisbane,Australia,,
84,395,Blundstone Arena,Blundstone Arena,Hobart,Australia,,
85,396,Oakham School,Oakham School,Oakham,England,,
86,397,Tolerance Oval,Tolerance Oval,Abu Dhabi,United Arab Emirates,,
87,398,Lugogo Cricket Oval,Lugogo Cricket Oval,Kampala,Uganda,,
88,399,Entebbe Cricket Oval,Entebbe Cricket Oval,Entebbe,Uganda,,
89,400,Kyambogo Cricket Oval,Kyambogo Cricket Oval,Kampala,Uganda,,
90,401,Sportpark Maarschalkerweerd,Sportpark Maarschalkerweerd,Utrecht,Netherlands,,
91,402,Sportpark Westvliet,Sportpark Westvliet,Den Haag,Netherlands,,
92,403,Hambantota International Cricket Stadium,Hambantota International Cricket Stadium,Hambantota,Sri Lanka,,
93,404,Chester Boughton Hall CC,Chester Boughton Hall CC,Chester,England,,
94,405,Grapenhall CC,Grapenhall CC,Warrington,England,,
95,406,Nantwich CC,Nantwich CC,,England,,
96,407,Bramhall CC,Bramhall CC,Stockport,England,,
97,408,Tattenhall CC,Tattenhall CC,,England,,
98,409,Oxton CC,Oxton CC,Birkenhead,England,,
99,410,Neston CC,Neston CC,,England,,
0,411,Toft CC,Toft CC,,England,,
1,412,Brian Lara Cricket Academy,Brian Lara Cricket Academy,Tarouba,Trinidad & Tobago,,
2,413,Faleata Oval No 1,Faleata Oval No 1,Apia,Samoa,,
3,414,Faleata Oval No 2,Faleata Oval No 2,Apia,Samoa,,
4,415,Jaffery Sports Club Ground,Jaffery Sports Club Ground,Nairobi,Kenya,,
5,416,Maple Leaf Cricket Club,Maple Leaf Cricket Club,Toronto,Canada,,
6,417,Toronto Cricket Club,Toronto Cricket Club,Toronto,Canada,,
7,418,Trelawny Stadium,Trelawny Stadium,Greenfields,Jamaica,,
8,419,Coolidge Cricket Ground,Coolidge Cricket Ground,Coolidge,Antigua,,
9,420,Jubilee Park,Jubilee Park,Melbourne,Australia,,
10,421,Lindisfarne Oval,Lindisfarne Oval,Hobart,Australia,,
11,422,Christ's College,Christ's College,Christchurch,New Zealand,,
12,423,Hagley Park No 2,Hagley Park No 2,Christchurch,New Zealand,,
13,424,Hagley Park No 4,Hagley Park No 4,Christchurch,New Zealand,,
14,425,Lincoln Green,Lincoln Green,Christchurch,New Zealand,,
15,426,Hagley Park No 5,Hagley Park No 5,Christchurch,New Zealand,,
16,427,Cobham Oval,Cobham Oval,Whangarei,New Zealand,,
17,428,Rangiora,Rangiora,Christchurch,New Zealand,,
18,429,Cazaly's Stadium,Cazaly's Stadium,Cairns,Australia,,
19,430,Drummoyne Oval,Drummoyne Oval,Sydney,Australia,,
20,431,Spotless Stadium,Spotless Stadium,Sydney,Australia,,
21,432,Etihad Stadium,Etihad Stadium,Melbourne,Australia,,
22,433,University of Tasmania Stadium,University of Tasmania Stadium,Launceston,Australia,,
23,434,Camberwell Sports Ground,Camberwell Sports Ground,Melbourne,Australia,,
24,435,Mainpower Oval,Mainpower Oval,Rangiora,New Zealand,,
25,436,Molyneux Park,Molyneux Park,Alexandra,New Zealand,,
26,437,Casey Fields No.4,Casey Fields No.4,Melbourne,Australia,,
27,438,Lincoln No. 3,Lincoln No. 3,Christchurch,New Zealand,,
28,439,Sahara Main Oval,Sahara Main Oval,Kingsmead,South Africa,,
29,440,Brisbane,Brisbane,Brisbane,Australia,,
30,441,Barsapara Cricket Ground,Barsapara Cricket Ground,Guwahati,India,,
31,442,Rajiv Gandhi International Stadium,Rajiv Gandhi International Stadium,Hyderabad,India,,
32,443,Willowmoore Park A,Willowmoore Park A,Benoni,South Africa,,
33,444,Greenfield Stadium,Greenfield Stadium,Thiruvananthapuram,India,,
34,445,Three Ws Oval,Three Ws Oval,Cave Hill,Barbados,,
35,446,Queen's Park,Queen's Park,Invercargill,New Zealand,,
36,447,Fitzherbert Park,Fitzherbert Park,Palmerston North,New Zealand,,
37,448,Richardson Park,Richardson Park,Perth,Australia,,
38,449,Punjab Cricket Association Stadium,Punjab Cricket Association Stadium,"Mohali, Chandigarh",India,,
39,450,Harrup Park,Harrup Park,Mackay,Australia,,
40,451,Gliderol Stadium,Gliderol Stadium,Adelaide,Australia,,
41,452,Lavington Sports Ground,Lavington Sports Ground,Albury,Australia,,
42,453,Howell Oval,Howell Oval,Sydney,Australia,,
43,454,North Dalton Park,North Dalton Park,Wollongong,Australia,,
44,455,Ibbies Oval,Ibbies Oval,Potchefstroom,South Africa,,
45,456,North West University Oval,North West University Oval,Potchefstroom,South Africa,,
46,457,Albert Cricket Ground,Albert Cricket Ground,Melbourne,Australia,,
47,458,Perth Stadium,Perth Stadium,Perth,Australia,,
48,459,AH Butler Oval,AH Butler Oval,Melbourne,Australia,,
49,460,UWA Sports Park,UWA Sports Park,Perth,Australia,,
50,461,Taunton Vale Sports Club Ground,Taunton Vale Sports Club Ground,Taunton,England,,
51,462,Traralgon Showground,Traralgon Showground,Traralgon,Australia,,
52,463,Lilac Hill Park,Lilac Hill Park,Perth,Australia,,
53,464,Robertson Oval,Robertson Oval,Wagga Wagga,Australia,,
54,465,Old Hararians Sports Club,Old Hararians Sports Club,Harare,Zimbabwe,,
55,466,Kwekwe Sports Club,Kwekwe Sports Club,Kwekwe,Zimbabwe,,
56,467,Bulawayo Athletic Club,Bulawayo Athletic Club,Bulawayo,Zimbabwe,,
57,468,Vadodara International Cricket Stadium,Vadodara International Cricket Stadium,Vadodara,India,,
58,469,Mission Road Ground,Mission Road Ground,Mong Kok,Hong Kong,,
59,470,McDonald Reserve,McDonald Reserve,Geelong,Australia,,
60,471,Vidarbha Cricket Association Ground,Vidarbha Cricket Association Ground,Nagpur,India,,
61,472,Harare South Country Club,Harare South Country Club,Harare,Zimbabwe,,
62,473,RGS Worcester,RGS Worcester,Worcester,England,,
63,474,Hurlingham Club,Hurlingham Club,Buenos Aires,Argentina,,
64,475,Belgrano Club,Belgrano Club,Buenos Aires,Argentina,,
65,476,Sulaibiya Cricket Ground,Sulaibiya Cricket Ground,Sulaibiya,Kuwait,,
66,477,Entertainment City Ground,Entertainment City Ground,Doha,Kuwait,,
67,478,Bready,Bready,Derry,Northern Ireland,,
68,479,Tafawa Balewa Square Cricket Oval,Tafawa Balewa Square Cricket Oval,Lagos,Nigeria,,
69,480,UKM Cricket Oval,UKM Cricket Oval,Bandar Kinrara,Malaysia,,
70,481,Brockington Ground,Brockington Ground,Loughborough,England,,
71,482,Metricon Stadium,Metricon Stadium,Carrara,Australia,,
72,483,Albert Park 1,Albert Park 1,Suva,Fiji,,
73,484,Albert Park 2,Albert Park 2,Suva,Fiji,,
74,485,ChiangMai Gymkhana,ChiangMai Gymkhana,Chiang Mai,Thailand,,
75,486,Rajiv Gandhi International Cricket Stadium,Rajiv Gandhi International Cricket Stadium,Dehradun,India,,
76,487,Kampong Cricket Club,Kampong Cricket Club,Utrecht,Netherlands,,
77,488,The Hills CC,The Hills CC,Dublin,Ireland,,
78,489,Pembroke CC,Pembroke CC,Dublin,Ireland,,
79,490,Gahanga Stadium,Gahanga Stadium,Rwanda,Rwanda,,
80,491,Barnards Green,Barnards Green,Worcester,England,,
81,492,Chester Road North Ground,Chester Road North Ground,Kidderminster,England,,
82,493,Old Elizabethans Cricket Club,Old Elizabethans Cricket Club,Worcester,England,,
83,494,Bill Pippen Oval,Bill Pippen Oval,Gold Coast,Australia,,
84,495,Bankstown Oval,Bankstown Oval,Sydney,Australia,,
85,496,Karen Rolton Oval,Karen Rolton Oval,Adelaide,Australia,,
86,497,Salland CC,Salland CC,Deventer,Netherlands,,
87,498,Salland 2,Salland 2,Deventer,Netherlands,,
88,499,Excelsior,Excelsior,Amsterdam,Netherlands,,
89,500,Excelsior '20,Excelsior '20,Rotterdam,Netherlands,,
90,501,Bishop Stortford CC,Bishop Stortford CC,Bishop Stortford,England,,
91,502,Broxbourne CC,Broxbourne CC,Broxbourne,England,,
92,503,Harlow CC,Harlow CC,Harlow,England,,
93,504,Harlow Town CC,Harlow Town CC,Harlow,England,,
94,505,Bishop Stortford College,Bishop Stortford College,Bishop Stortford,England,,
95,506,St Margaretsbury CC,St Margaretsbury CC,St Margaretsbury,England,,
96,507,Loughton CC,Loughton CC,Loughton,England,,
97,508,Saffron Walden CC,Saffron Walden CC,Saffron Walden,England,,
98,509,Felsted School,Felsted School,Felsted,England,,
99,510,Sportpark Duivesteijn,Sportpark Duivesteijn,Voorburg,Netherlands,,
0,511,West Park Oval,West Park Oval,Burnie,Tasmania,,
1,512,BCA 1,BCA 1,Gaborone,Botswana,,
2,513,BCA 2,BCA 2,Gaborone,Botswana,,
3,514,JB Marks Oval 1,JB Marks Oval 1,Potchefstroom,South Africa,,
4,515,JB Marks Oval 2,JB Marks Oval 2,Potchefstroom,South Africa,,
5,516,JB Marks Oval 3,JB Marks Oval 3,Potchefstroom,South Africa,,
6,517,JB Marks Oval 4,JB Marks Oval 4,Potchefstroom,South Africa,,
7,518,Coggeshall CC,Coggeshall CC,Colchester,England,,
8,519,Raleigh Cricket Club,Raleigh Cricket Club,Morrisville,United States of America,,
9,520,Devineni Venkata Ramana Praneetha Ground,Devineni Venkata Ramana Praneetha Ground,Mulapadu,India,,
10,521,Chukkapalli Pitchaiah Cricket Ground,Chukkapalli Pitchaiah Cricket Ground,Krishna,India,,
11,522,KSCA Cricket Ground,KSCA Cricket Ground,Bengaluru,India,,
12,523,Los Pinos Polo Club 1,Los Pinos Polo Club 1,Cundinamarca,Colombia,,
13,524,Los Pinos Polo Club 2,Los Pinos Polo Club 2,Cundinamarca,Colombia,,
14,525,Manly Oval,Manly Oval,Manly,Australia,,
15,526,TCA Ground,TCA Ground,Hobart,Australia,,
16,527,OC Turf 1,OC Turf 1,Al Amarat,Oman,,
17,528,OC Turf 2,OC Turf 2,Al Amarat,Oman,,
18,529,Free Trade Zone Sports Complex,Free Trade Zone Sports Complex,Katunayake,Sri Lanka,,
19,530,Katunayake MCG,Katunayake MCG,Katunayake,Sri Lanka,,
20,531,Ekana International Cricket Stadium,Ekana International Cricket Stadium,Lucknow,India,,
21,532,Geelong Cricket Ground,Geelong Cricket Ground,Geelong,Australia,,
22,533,TBD,Ranchi,Ranchi,India,,
23,534,TBD,Una,Una,India,,
24,535,TBD,Vizag,Vizag,India,,
25,536,TBD,Guwahati,Guwahati,India,,
26,537,TBD,Guntur,Guntur,India,,
27,538,TBD,Mysore,Mysore,India,,
28,539,TBD,Bilaspur,Bilaspur - CSCSCA,India,,
29,540,TBD,Chaibasa,Chaibasa,India,,
30,541,TBD,Vijayawada,Vijayawada,India,,
31,542,Reliance Cricket Stadium,Reliance Cricket Stadium,Perecherla,India,,
32,543,TBD,Sagar,Sagar,India,,
33,544,TBD,Allahabad,Allahabad,India,,
34,545,TBD,Cuttack,Cuttack,India,,
35,546,Perinthalmanna Cricket Stadium,Perinthalmanna Cricket Stadium,Perinthalmanna,India,,
36,547,St Pauls College Ground Kalamassery,St Pauls College Ground Kalamassery,Kochi,India,,
37,548,S D College,S D College,Alappuzah,India,,
38,549,TBD,Ongole,Ongole,India,,
39,550,TBD,Amtar,Amtar,India,,
40,551,TBD,Hyderabad,Hyderabad,India,,
41,552,Maharaja International School,Maharaja International School,Rewa,India,,
42,553,TBD,Kannul,Kannul,India,,
43,554,TBD,Kalyani,Kalyani,India,,
44,555,TBD,Raipur,Raipur,India,,
45,557,AOC Ground,AOC Ground,Secunderabad,India,,
46,558,BITS Pilani,BITS Pilani,Margao,India,,
47,559,Keenan Stadium,Keenan Stadium,Jamshedpur,India,,
48,560,NPR College Ground,NPR College Ground,Dindigul,India,,
49,561,Sardar Patel Stadium,Sardar Patel Stadium,Valsad,India,,
50,562,BITS Pilani,BITS Pilani,Vasco ,India,,
51,563,YS Raja Reddy ACA Cricket Stadium,YS Raja Reddy ACA Cricket Stadium,Kadapa,India,,
52,564,JR Institute of Cricket Technology,JR Institute of Cricket Technology,Barwala,India,,
53,565,TATA Digwadih Stadium,TATA Digwadih Stadium,Dhanbad,India,,
54,566,Goa Cricket Association Academy,Goa Cricket Association Academy,Porvorim,India,,
55,567,Krishnagiri Stadium,Krishnagiri Stadium,Wayanad,India,,
56,568,Teerthanker Mahaveer University,Teerthanker Mahaveer University,Moradabad,India,,
57,569,KSCA Stadium,KSCA Stadium,Hubli ,India,,
58,570,Choudhary Charan Singh Sports Stadium,Choudhary Charan Singh Sports Stadium,Muzzafarnagar,India,,
59,571,Veer Surendra Sai Stadium,Veer Surendra Sai Stadium,Sambalpur,India,,
60,572,Karnail Singh Stadium,Karnail Singh Stadium,Railways,India,,
61,573,Gandhi Stadium,Gandhi Stadium,Bolangir,India,,
62,574,Thalassery Cricket Stadium,Thalassery Cricket Stadium,Thalassery,India,,
63,575,Cochin Nehru Stadium,Cochin Nehru Stadium,Cochin,India,,
64,576,YCG,YCG,Seoul,South Korea,,
65,577,Newclose County Cricket Ground,Newclose County Cricket Ground,Newport,England,,
66,578,Friendship Oval,Friendship Oval,Cavite,Philippines,,
67,579,Spytty Park,Spytty Park,Newport,Wales,,
68,580,Ted Summerton Reserve,Ted Summerton Reserve,Moe,Australia,,
69,581,Thiruvananthapuram Second Ground,Thiruvananthapuram Second Ground,Thiruvananthapuram,,,
70,582,Thiruvananthapuram Sports Hub,Thiruvananthapuram Sports Hub,Thiruvananthapuram,,,
71,583,Gorse Lane,Gorse Lane,Grantham,England,,
72,584,Albrecht Oval,Albrecht Oval,Alice Springs,Australia,,
73,585,Sparta Recreational Club,Sparta Recreational Club,Walvis Bay,Namibia,,
74,586,St Xavier's College Ground,St Xavier's College Ground,Thiruvananthapuram,India,,
75,587,Srikantadatta Narasimha Raja Wadeyar Ground,Srikantadatta Narasimha Raja Wadeyar Ground,Mysore,India,,
76,588,Al Amerat Cricket Ground,Al Amerat Cricket Ground,Al Amerat,Oman,,
77,589,Southend Club,Southend Club,Karachi,Pakistan,,
78,590,Maroochydore Cricket Club,Maroochydore Cricket Club,Sunshine Coast,,,
79,591,Phillip Oval,Phillip Oval,Canberra,,,
80,592,National Stadium Abuja,National Stadium Abuja,Abuja,Nigeria,,
81,593,La Manga Club,La Manga Club,Murcia,Spain,,
82,594,Air Force Ground,Air Force Ground,Katunayake,Sri Lanka,,
83,595,Oak Hill CC,Oak Hill CC,Wicklow,Ireland,,
84,596,LC de Villiers Oval,LC de Villiers Oval,Pretoria,South Africa,,
85,597,Sedbergh School,Sedbergh School,Sedbergh,England,,
86,598,Ground 1,Ground 1,Port Vila,Vanuatu,,
87,599,Ground 2,Ground 2,Port Vila,Vanuatu,,
88,600,Sano International Cricket Ground 2,Sano International Cricket Ground 2,Sano,Japan,,
89,601,Club Hippique Adventure Park,Club Hippique Adventure Park,Port Vila,Vanuatu,,
90,602,Independence Park,Independence Park,Port Vila,Vanuatu,,
91,603,King George V Sports Ground,King George V Sports Ground,Castel,Guernsey,,
92,604,College Field,College Field,Castel,Guernsey,,
93,605,Selangor Turf Club,Selangor Turf Club,Kuala Lumpur,Malaysia,,
94,606,The Reforma Athletic Club,The Reforma Athletic Club,Naucalpan,Mexico,,
95,607,Las Caballerizas,Las Caballerizas,Naucalpan,Mexico,,
96,608,Udayana Cricket Ground,Udayana Cricket Ground,Bali,Indonesia,,
97,609,Royal Brussels Cricket Ground,Royal Brussels Cricket Ground,Brussels,Belgium,,
98,610,RCA,RCA,Jaipur,India,,
99,611,JSCA Oval Ground,JSCA Oval Ground,Ranchi,India,,
0,612,Indira Stadium,Indira Stadium,Una,India,,
1,613,Port Diamond Jubilee Stadium,Port Diamond Jubilee Stadium,Vizag,India,,
2,614,Dr P.V.G. Raju ACA Sports Complex,Dr P.V.G. Raju ACA Sports Complex,Vizianagaram,India,,
3,615,PCPA Stadium,PCPA Stadium,Santoshgarh,India,,
4,616,NFRSA Ground,NFRSA Ground,Guwahati,India,,
5,617,Khalsa College Ground,Khalsa College Ground,Amritsar,India,,
6,618,ACA Women's Academy,ACA Women's Academy,Guntur,India,,
7,619,PYC Gymkhana,PYC Gymkhana,Pune,India,,
8,620,TBD,Mandya,Mandya ,India,,
9,621,Patchy Greens ,Patchy Greens ,Teri,India,,
10,622,Luhnu Cricket Ground,Luhnu Cricket Ground,Bilaspur - HPCA,India,,
11,623,Birsa Munda Cricket Stadium,Birsa Munda Cricket Stadium,Chaibasa,India,,
12,624,Sharad Pawar Cricket Academy BKC,Sharad Pawar Cricket Academy BKC,Mumbai,India,,
13,625,J Narendranath ACA Cricket Ground,J Narendranath ACA Cricket Ground,Perecherla,India,,
14,626,MPCA Cricket Ground,MPCA Cricket Ground,Sagar,India,,
15,627,Madan Mohan Malviya Stadium,Madan Mohan Malviya Stadium,Allahabad,India,,
16,628,Chaudhry Bansi Lal Cricket Stadium,Chaudhry Bansi Lal Cricket Stadium,Lahli,India,,
17,629,Ravenshaw University Ground,Ravenshaw University Ground,Cuttack,India,,
18,630,Dhruv Pandove Stadium,Dhruv Pandove Stadium,Patiala,India,,
19,631,Sports Complex Ground,Sports Complex Ground,Noida,India,,
20,632,VCA Stadium,VCA Stadium,Nagpur,India,,
21,633,Mohan Meakins Ground,Mohan Meakins Ground,Ghaziabad,India,,
22,634,"IS Bindra Cricket Stadium, PCA ","IS Bindra Cricket Stadium, PCA ",Mohali,India,,
23,635,St. Stephen's Ground,St. Stephen's Ground,New Delhi,India,,
24,636,TIT Ground,TIT Ground,Agartala,India,,
25,637,Madhavrao Scindia Cricket Ground,Madhavrao Scindia Cricket Ground,Rajkot ,India,,
26,638,K L Saini Stadium,K L Saini Stadium,Jaipur,India,,
27,639,Abhimanyu Cricket Academy,Abhimanyu Cricket Academy,Dehradun,India,,
28,640,Corporation Ground,Corporation Ground,Palakkad,India,,
29,641,CSR Sharma college ground,CSR Sharma college ground,Ongole,India,,
30,642,Atal Bihari Vajpayee Cricket Stadium,Atal Bihari Vajpayee Cricket Stadium,Amtar,India,,
31,643,Gymkhana Ground,Gymkhana Ground,Hyderabad,India,,
32,644,Thalassery Cricket Stadium,Thalassery Cricket Stadium,Kannur,India,,
33,645,Bengal Cricket Academy Ground,Bengal Cricket Academy Ground,Kalyani,India,,
34,646,Emerald Heights International School Ground,Emerald Heights International School Ground,Indore,India,,
35,647,Bhamashah Park Ground,Bhamashah Park Ground,Meerut,India,,
36,648,ICL Sankar Nagar Ground,ICL Sankar Nagar Ground,Tirunelveli,India,,
37,649,Conor Vayal Stadium,Conor Vayal Stadium,Kannul,India,,
38,650,DLW Ground,DLW Ground,Varanasi,India,,
39,651,JNN College of Engg.,JNN College of Engg.,Shimoga,India,,
40,652,Lalbhai Contractor Stadium,Lalbhai Contractor Stadium,Surat,India,,
41,653,Margao Cricket Club,Margao Cricket Club,Goa,India,,
42,654,Perinthalmanna Cricket Stadium,Perinthalmanna Cricket Stadium,Malappuram,India,,
43,655,IC-Gurunanak College Ground,IC-Gurunanak College Ground,Chennai,India,,
44,656,Dr. Akhilesh Das Stadium,Dr. Akhilesh Das Stadium,Lucknow,India,,
45,657,KIIT Cricket Stadium,KIIT Cricket Stadium,Bhubaneshwar,India,,
46,658,R P S Ground,R P S Ground,Colombo,Sri Lanka,,
47,659,"Cricket Stadium, Sector-16","Cricket Stadium, Sector-16",Chandigarh,India,,
48,660,Sher E Kashmir Cricket Stadium,Sher E Kashmir Cricket Stadium,Srinagar,India,,
49,661,Vikash ground,Vikash ground,Bargarh,India,,
50,662,Govt. Gandhi Memorial Science College ground,Govt. Gandhi Memorial Science College ground,Jammu,India,,
51,663,Tinsukia District Sports Association Ground,Tinsukia District Sports Association Ground,Tinsukia,India,,
52,664,St Xavier's KCA Cricket Ground,St Xavier's KCA Cricket Ground,Trivandrum,India,,
53,665,Satindra Mohan Dev Stadium,Satindra Mohan Dev Stadium,Silchar,India,,
54,666,B S L Cricket Stadium.,B S L Cricket Stadium.,Bokaro,India,,
55,667,NURUL AMIN STADIUM,NURUL AMIN STADIUM,Nagaon,India,,
56,668,Panjim Gymkhana Ground,Panjim Gymkhana Ground,South Goa,India,,
57,669,Rajagiri College of Engineering and Technology Ground,Rajagiri College of Engineering and Technology Ground,Kochi,India,,
58,670,Mangaldai Sports Association Stadium,Mangaldai Sports Association Stadium,Mangaldai ,India,,
59,671,JALAN OUTDOOR STADIUM,JALAN OUTDOOR STADIUM,Dibrugarh,India,,
60,672,Aligarh Muslim University,Aligarh Muslim University,Aligarh,India,,
61,673,TNCA Academy,TNCA Academy,Theni ,India,,
62,674,Bokakhat District Sports Association Ground,Bokakhat District Sports Association Ground,Bokakhat,India,,
63,675,TBC,Melbourne,Melbourne,,,
64,676,TBC,Sydney,Sydney,Australia,,
65,677,TBC,Canberra,Canberra,Australia,,
66,678,TBC,Tasmania,Tasmania,Australia,,
67,679,B S P Cricket Stadium,B S P Cricket Stadium,Bhilai,India,,
68,680,D N Singha Stadium,D N Singha Stadium,Goalpara,India,,
69,681,"MCA Cricket Ground, Kundane","MCA Cricket Ground, Kundane",Dhule,India,,
70,682,GSFC Cricket ground,GSFC Cricket ground,Baroda,India,,
71,683,Gandhi Stadium,Gandhi Stadium,Balangir,India,,
72,684,Gokaldas S Patel Stadium ,Gokaldas S Patel Stadium ,Nadiad,India,,
73,685,Sehwag International School ,Sehwag International School ,Jhajjar,India,,
74,686,Gokaraju Liala Gangaaraju ACA Cricket Ground,Gokaraju Liala Gangaaraju ACA Cricket Ground,Mulapadu,India,,
75,687,Reliance cricket ground,Reliance cricket ground, Nagothane,India,,
76,688,Nagaland Cricket Stadium,Nagaland Cricket Stadium,Sovima,,,
77,689,KSCA Stadium,KSCA Stadium,Belgaum ,India,,
78,690,Moin ul haq stadium,Moin ul haq stadium,Patna,India,,
79,691,Golf Club Ground,Golf Club Ground,Nashik,India,,
80,692,N E Railway Cricket Ground,N E Railway Cricket Ground,Gorakhpur,India,,
81,693,"MCA Cricket Ground, Polo Ground","MCA Cricket Ground, Polo Ground",Shillong ,India,,
82,694,Alur Cricket Stadium-II,Alur Cricket Stadium-II,Alur,India,,
83,695,Sanguem Cricket Gound,Sanguem Cricket Gound,Sanguem,India,,
84,696,Mgm Ground,Mgm Ground,Aurangabad,India,,
85,697,Shahid Kajal Smriti Cricket Ground ,Shahid Kajal Smriti Cricket Ground ,Melaghar,India,,
86,698,Luwangpokpa Cricket Stadium,Luwangpokpa Cricket Stadium,Imphal,India,,
87,699,"M P C  A  Cricket Ground 2, Nimkheda","M P C  A  Cricket Ground 2, Nimkheda",Jabalpur,India,,
88,700,Markomannenstrasse,Markomannenstrasse,Vienna,Austria,,
89,701,Marlborough College,Marlborough College,Swindon,,,
90,702,Millfield School,Millfield School,Somerset,,,
91,703,Invermay Park,Invermay Park,Launceston,,,
92,704,Redlands Cricket Ground,Redlands Cricket Ground,Wellington Point,,,
93,705,Tuanaimato Cricket Oval Grounds,Tuanaimato Cricket Oval Grounds,Apia,Samoa,,
94,706,Svanholm Park,Svanholm Park,Brondby,Denmark,,
95,707,La Manga Club,La Manga Club,La Manga,Spain,,
96,708,Sportpark Westvliet,Sportpark Westvliet,Voorburg,Netherlands,,
97,709,Asian Town Cricket Stadium,Asian Town Cricket Stadium,Doha,Qatar,,
98,710,Grand Blottereau,Grand Blottereau,Nantes,France,,
99,711,Cranleigh CC,Cranleigh CC,Cranleigh,England,,
0,712,Aldershot,Aldershot,Aldershot,England,,
1,713,New Malden,New Malden,New Malden,England,,
2,714,CAA Centre,CAA Centre,"Brampton, Ontario",Canada,,
3,715,Kerava NCG,Kerava NCG,Kerava,Finland,,
4,716,Kidderminster CC,Kidderminster CC,Kidderminster,England,,
5,717,Bromsgrove CC,Bromsgrove CC,Bromsgrove,England,,
6,718,Old Elizabethans CC,Old Elizabethans CC,Worcester,England,,
7,719,Barnt Green CC,Barnt Green CC,Barnt Green,England,,
8,720,Souths District Cricket Club,Souths District Cricket Club,Brisbane,Australia,,
9,721,Gladys Elphick Park,Gladys Elphick Park,Adelaide,Australia,,
10,722,Moara Vlasiei,Moara Vlasiei,Ilfov County,Romania,,
11,723,Barnt Green CC,Barnt Green CC,Worcester,England,,
12,724,Forfarshire Cricket Club,Forfarshire Cricket Club,Dundee,Scotland,,
13,725,Arbroath Sports Club,Arbroath Sports Club,Arbroath,Scotland,,
14,726,Yeonhui Cricket Ground,Yeonhui Cricket Ground,Incheon,South Korea,,
15,727,White Hill Field,White Hill Field,Hamilton,Bermuda,,
16,728,Bermuda National Stadium,Bermuda National Stadium,Hamilton,Bermuda,,
17,729,Patchy Greens ,Patchy Greens ,Haryana,India,,
18,730,Abhimanyu Cricket Academy,Abhimanyu Cricket Academy,Agra,India,,
19,731,Shastri Medan,Shastri Medan,Anand,India,,
20,732,Mahabir Chilarai Stadium,Mahabir Chilarai Stadium,Abhayapuri,India,,
21,733,Assam Valley School ground,Assam Valley School ground,Tezpur,India,,
22,734,Rural Development Trust Stadium,Rural Development Trust Stadium,Ananthapur,India,,
23,735,Palmyra Cricket Ground,Palmyra Cricket Ground,Puducherry,India,,
24,736,Jorhat DSA Stadium,Jorhat DSA Stadium,Jorhat,India,,
25,737,East Coast Railway Cricket Stadium,East Coast Railway Cricket Stadium,Bhubaneswar RSPB ,India,,
26,738,"Suaka Cricket Ground, Sihhmui","Suaka Cricket Ground, Sihhmui",Aizawl,India,,
27,739,Wyre Sports Park,Wyre Sports Park,Tiruppur,India,,
28,740,HIGHLANDERS SPORTS ACADEMY,HIGHLANDERS SPORTS ACADEMY,KASHIPUR,India,,
29,741,"Airforce Complex ground, Palam","Airforce Complex ground, Palam",New Delhi Services,India,,
30,742,Railway Cricket Ground,Railway Cricket Ground,Rajkot,India,,
31,743,Balurghat Stadium,Balurghat Stadium,Balurghat,India,,
32,745,Tolerance Cricket Ground,Tolerance Cricket Ground,Abu Dhabi,United Arab Emirates,,
33,746,ADC 1,ADC 1,Abu Dhabi,United Arab Emirates,,
34,747,Nuriootpa Centennial Park,Nuriootpa Centennial Park,Nuriootpa,Australia,,
35,748,Bharat Ratna Shri Atal Bihari Vajpayee Ekana Cricket Stadium,Bharat Ratna Shri Atal Bihari Vajpayee Ekana Cricket Stadium,Lucknow,India,,
36,749,Alur Cricket Stadium III,Alur Cricket Stadium III,Bangalore,India,,
37,750,Just Cricket,Just Cricket,Bangalore,India,,
38,751,Rajiv Gandhi International Stadium,Rajiv Gandhi International Stadium,Dehradun,India,,
39,752,Kasiga College Ground,Kasiga College Ground,Dehradun,India,,
40,753,Darshanam Sports and Education Academy,Darshanam Sports and Education Academy,Vadodara,India,,
41,754,Motibaug Cricket Ground,Motibaug Cricket Ground,Vadodara,India,,
42,755,TANUSH ACADEMY GROUND,TANUSH ACADEMY GROUND,Dehradun,India,,
43,756,TBD,Puducherry,Puducherry,India,,
44,757,Judges Field,Judges Field,Guwahati,India,,
45,758,"ACA Stadium, Barsapara","ACA Stadium, Barsapara",Guwahati,India,,
46,759,Kholvad Gymkhana Ground,Kholvad Gymkhana Ground,Surat,India,,
47,760,Vishal Cricket Ground,Vishal Cricket Ground,Surat,India,,
48,761,Valiba Cricket Ground,Valiba Cricket Ground,Surat,India,,
49,762,RDCA Ground,RDCA Ground,Raipur,India,,
50,763,El Cortijo Polo Club,El Cortijo Polo Club,Lima,Peru,,
51,764,Lima Cricket and Football Club,Lima Cricket and Football Club,Lima,Peru,,
52,765,Marsa Cricket Ground,Marsa Cricket Ground,Marsa,Malta,,
53,766,Feroz Shah Kotla Stadium,Feroz Shah Kotla Stadium,New Delhi,India,,
54,767,Greenfield Stadium,Greenfield Stadium,Trivandrum,India,,
55,768,Scindia School Cricket Ground,Scindia School Cricket Ground,Gwalior,India,,
56,769,Pune Cricket Club Ground,Pune Cricket Club Ground,Pune,India,,
57,770,Teri Cricket Ground,Teri Cricket Ground,Teri,India,,
58,771,BKC Ground,BKC Ground,Mumbai,India,,
59,772,"Sachin Tendulkar Gymkhana, Kandivili","Sachin Tendulkar Gymkhana, Kandivili",Mumbai,India,,
60,773,MIG Cricket Club,MIG Cricket Club,Mumbai,India,,
61,774,Railway Stadium,Railway Stadium,Dhanbad,India,,
62,775,SDNRW Ground,SDNRW Ground,Mysore,India,,
63,776,Karnail Singh Stadium,Karnail Singh Stadium,New Delhi,India,,
64,777,Shambhubhai V Patel Stadium,Shambhubhai V Patel Stadium,Nadiad,India,,
65,778,Cricket Club of India,Cricket Club of India,Mumbai,India,,
66,779,MBB Stadium,MBB Stadium,Agartala,India,,
67,780,KSCA Navale Stadium,KSCA Navale Stadium,Shimoga,India,,
68,781,RVR & JC college ground,RVR & JC college ground,Guntur,India,,
69,782,Aurangabad District Cricket Association Ground,Aurangabad District Cricket Association Ground,Aurangabad,India,,
70,783,JNV school,JNV school,Una,India,,
71,784,"MCA Cricket Stadium, Gahunje","MCA Cricket Stadium, Gahunje",Pune,India,,
72,785,Deccan Gymkhana Cricket Ground,Deccan Gymkhana Cricket Ground,Pune,India,,
73,786,Diesel Mechanical Works Cricket Ground ,Diesel Mechanical Works Cricket Ground ,Patiala,India,,
74,787,Kamla Club Ground,Kamla Club Ground,Kanpur,India,,
75,788,"JU Second Campus, Salt Lake","JU Second Campus, Salt Lake",Kolkata,India,,
76,789,Shaheed Nirmal Mahato Stadium,Shaheed Nirmal Mahato Stadium,Jamshedpur,India,,
77,790,Gandhi Ground,Gandhi Ground,Amritsar,India,,
78,791,VCA KALAMNA,VCA KALAMNA,Nagpur,India,,
79,792,Sector 10 Ground,Sector 10 Ground,Bhilai,India,,
80,793,NFC Ground,NFC Ground,Hyderabad,India,,
81,794,RRC Stadium,RRC Stadium,Hyderabad,India,,
82,795,Nimpur Ground,Nimpur Ground,Cuttack,India,,
83,796,SCA Stadium Khanderi B Ground,SCA Stadium Khanderi B Ground,Rajkot ,India,,
84,797,AOC Ground,AOC Ground,Hyderabad,India,,
85,798,B.O.S.E. GROUND,B.O.S.E. GROUND,Cuttack,India,,
86,799,Railway Ground,Railway Ground,Vadodara,India,,
87,800,Jawahar Lal Nehru Stadium,Jawahar Lal Nehru Stadium,Ghaziabad,India,,
88,801,T I Murugappa Ground,T I Murugappa Ground,Chennai,India,,
89,802,MRF-Pachiyappas,MRF-Pachiyappas,Chennai,India,,
90,803,SSN College Ground,SSN College Ground,Chennai,India,,
91,804,Alembic 2 Cricket Ground,Alembic 2 Cricket Ground,Vadodara,India,,
92,805,CPT -IP Turf,CPT -IP Turf,Chennai,India,,
93,806,Chukkapalli Pitchaiah Cricket Ground,Chukkapalli Pitchaiah Cricket Ground,Mulapadu,India,,
94,807,"M P C  A  Cricket Ground 1, Nimkheda","M P C  A  Cricket Ground 1, Nimkheda",Jabalpur,India,,
95,808,Gujarat Collage Cricket 'A' Ground,Gujarat Collage Cricket 'A' Ground,Ahmedabad,India,,
96,809,Siechem Stadium,Siechem Stadium,Puducherry,India,,
97,810,CAP Ground 2,CAP Ground 2,Puducherry,India,,
98,811,SLIMS Cricket Ground,SLIMS Cricket Ground,Puducherry,India,,
99,812,"MPCA Ground, Shankarpur","MPCA Ground, Shankarpur",Gwalior,India,,
0,813,TBD,Rajsamand,Rajsamand,India,,
1,814,"SNR College Cricket Ground,","SNR College Cricket Ground,",Coimbatore,India,,
2,815,Victoria Park Stadium,Victoria Park Stadium,Meerut,India,,
3,817,St Andrews,St Andrews,Malawi,Malawi,,
4,818,Railway Stadium,Railway Stadium,Vizag,India,,
5,819,Gokulbhai Somabhai Patel Stadium,Gokulbhai Somabhai Patel Stadium,Nadiad,India,,
6,820,Country Club B Field,Country Club B Field,Kimberley,South Africa,,
7,821,Witrand Oval,Witrand Oval,Potchefstroom,South Africa,,
8,822,Dimapur,Dimapur,Dimapur,India,,
9,823,TBD,Udaipur,Udaipur,India,,
10,824,TBD,Jaipur,Jaipur,India,,
11,825,JK Tyre Stadium,JK Tyre Stadium,Rajsamand,India,,
12,826,TBD,TBD - India,TBD,India,,
13,827,The Daly College,The Daly College,Indore,India,,
14,828,Mahajhan Cricket Ground,Mahajhan Cricket Ground,Chandigarh,India,,
15,829,Jaipuria Vidhyalaya Ground,Jaipuria Vidhyalaya Ground,Jaipur,India,,
16,830,Vikash Cricket Ground,Vikash Cricket Ground,Cuttack,India,,
17,831,KIIT Cricket Stadium,KIIT Cricket Stadium,Cuttack,India,,
18,832,Energy stadium rajbansinagar,Energy stadium rajbansinagar,Patna,India,,
19,833,Videocon Ground,Videocon Ground,Kolkata,India,,
20,834,Police Training Academy Ground,Police Training Academy Ground,Agartala,India,,
21,835,"GSSS, Sector 26","GSSS, Sector 26",Chandigarh,India,,
22,836,C B Patel Ground,C B Patel Ground,Surat,India,,
23,837,RSI Cricket Ground,RSI Cricket Ground,Bangalore,India,,
24,838,IAF Cricket Ground,IAF Cricket Ground,Bangalore,India,,
25,839,TBD,TBD,Surat,India,,
26,840,TBD,TBD,Valsad,India,,
27,841,Vishakhaptanam Railway Cricket Stadium,Vishakhaptanam Railway Cricket Stadium,Vishakhaptanam RSPB,India,,
28,842,TBD,TBD,Jammu,India,,
29,843,Santosh Garh Stadium,Santosh Garh Stadium,Una,India,,
30,844,Kandukuri Cricket Academy (Mizoram),Kandukuri Cricket Academy (Mizoram),Vizag,India,,
31,845,Dr. Y.S. Rajasekhara Reddy ACA VDCA Cricket Stadium,ACA-VDCA Cricket Stadium,Vizag,India,,
32,846,JKC college ground,JKC college ground,Guntur,India,,
33,847,SERSA Stadium,SERSA Stadium,Kharagpur,India,,
34,848,Indore Nehru Stadium,Indore Nehru Stadium,Indore,India,,
35,849,Dr DY Patil Sports Academy,Dr DY Patil Sports Academy,Mumbai,India,,
36,850,Sardar Vallabhai Patel Stadium,Sardar Vallabhai Patel Stadium,Ahmedabad,India,,
37,851,Sardar Patel 'B' Stadium,Sardar Patel 'B' Stadium,Ahmedabad,India,,
38,852,Nahar Singh Stadium,Nahar Singh Stadium,Faridabad,India,,
39,853,Nehru Stadium,Nehru Stadium,Guwahati,India,,
40,854,Vizzy Stadium,Vizzy Stadium,Vizianagaram,India,,
41,855,J and J College Ground,J and J College Ground,Nadiad,India,,
42,856,Khandhari Stadium,Khandhari Stadium,Rajkot,India,,
43,857,Gymkhana Ground,Gymkhana Ground,Secunderabad,India,,
44,858,Conor Vayal Stadium,Conor Vayal Stadium,Thalassery,India,,
45,859,Fort Maidan,Fort Maidan,Palakkad,India,,
46,860,Bengal Cricket Academy Ground,Bengal Cricket Academy Ground,Kolkata,India,,
47,861,Motera B Ground,Motera B Ground,Ahmedabad,India,,
48,862,Motera C Ground,Motera C Ground,Ahmedabad,India,,
49,863,Motera A Ground,Motera A Ground,Ahmedabad,India,,
50,864,Sector 01 Ground,Sector 01 Ground,Bhilai,India,,
51,865,SJCE Ground,SJCE Ground,Mysore,India,,
52,866,Saurashtra University Cricket Ground,Saurashtra University Cricket Ground,Rajkot,India,,
53,867,Roshnara Club Ground,Roshnara Club Ground,New Delhi,India,,
54,868,Hindustan Zinc Limited Grounds,Hindustan Zinc Limited Grounds,Vizag,India,,
55,869,Deereka Stadium,Deereka Stadium,Varanasi,India,,
56,870,Maharaja Bir Bikram College Stadium,Maharaja Bir Bikram College Stadium,Agartala,India,,
57,871,Neerja Modi School Ground,Neerja Modi School Ground,Jaipur,India,,
58,872,"Jawaharlal Nehru Stadium, Jealgora",Jawaharlal Nehru Stadium,Dhanbad,India,,
59,873,ECIL Ground,ECIL Ground,Hyderabad,India,,
60,874,Alembic 1 Cricket Ground,Alembic 1 Cricket Ground,Vadodara,India,,
61,875,Aamarakoot Cricket Ground,Aamarakoot Cricket Ground,Indore,India,,
62,876,Eastern Railway Sports Complex,Eastern Railway Sports Complex,Kolkata,India,,
63,877,Deshbandhu Park Ground,Deshbandhu Park Ground,Kolkata,India,,
64,878,Alur Cricket Stadium,Alur Cricket Stadium,Bangalore,India,,
65,879,Railway Stadium,Railway Stadium,Bhubaneshwar,India,,
66,880,Babu Banarsi Das Stadium,Babu Banarsi Das Stadium,Lucknow,India,,
67,881,Golaghat DSA Ground,Golaghat DSA Ground,Golaghat,India,,
68,882,MECON Stadium,MECON Stadium,Ranchi,India,,
69,883,KDCA Nadiad,KDCA Nadiad,Ahmedabad,India,,
70,884,Bidanasi Ground,Bidanasi Ground,Cuttack,India,,
71,885,Vijayanand Ground,Vijayanand Ground,Hyderabad,India,,
72,886,DMRC Ground,DMRC Ground,Hyderabad,India,,
73,887,"Airforce Complex Ground, Palam II","Airforce Complex Ground, Palam II",New Delhi Services,India,,
74,888,Alur Cricket Stadium II,Alur Cricket Stadium II,Bangalore,India,,
75,889,Bharat Nagar,Bharat Nagar,New Delhi,India,,
76,890,IIT Chemplast,IIT Chemplast,Chennai,India,,
77,891,Jamia Milia Islamia,Jamia Milia Islamia,New Delhi,India,,
78,892,TBD,TBD,Goa,India,,
79,893,TBD,TBD,North East,India,,
80,894,Shivaji College Ground,Shivaji College Ground,New Delhi,India,,
81,895,ICL Sankar Nagar Cricket Ground,ICL Sankar Nagar Cricket Ground,Thirunelveli,India,,
82,896,Reliance Cricket Ground,Reliance Cricket Ground,Nagothane,India,,
83,897,TBD,TBD,Patna,India,,
84,898,TBD,TBD,Dimapur,India,,
85,899,TBD,TBD,Shillong,India,,
86,900,KSCA 2,KSCA 2,Shimoga,India,,
87,901,TBD,TBD,Trivandrum,India,,
88,902,TBD,TBD,Chennai,India,,
89,903,TBD,TBD,Nagpur,India,,
90,904,TBD,TBD,New Delhi,India,,
91,905,TBD,TBD,Aurangabad,India,,
92,906,Urja Stadium,Urja Stadium,Patna,India,,
93,907,TBD,TBD,Bilaspur - HPCA,India,,
94,908,TBD,TBD,Ananthapur,India,,
95,909,C K Pithawala Ground,C K Pithawala Ground,Surat,India,,
96,910,Alotgre Cricket Field,Alotgre Cricket Field,Tura,India,,
97,911,Goalpara Salmara Ground,Goalpara Salmara Ground,Goalpara,India,,
98,912,Nagaland Cricket Stadium,Nagaland Cricket Stadium,Golaghat,India,,
99,913,Sri Ramachandra Medical College,Sri Ramachandra Medical College,Chennai,India,,
0,914,TBD,TBD,Rae Bareli,India,,
1,915,TBD,TBD,Tiruppur,India,,
2,916,TBD,TBD,Jorhat,India,,
3,917,TBD,TBD,Goalpara,India,,
4,918,TBD,TBD,Gwalior,India,,
5,919,ASA Stadium,ASA Stadium,Ananthapur,India,,
6,920,Pet Ksca Stadium,Pet Ksca Stadium,Mandya,India,,
7,921,Ganotri Glades,Ganotri Glades,Mysore,India,,
8,922,Gautam Buddha University Ground,Gautam Buddha University Ground,Greater Noida,India,,
9,923,Indira Gandhi Stadium,Indira Gandhi Stadium,Vijayawada,India,,
10,924,Ravenshaw University Ground 2,Ravenshaw University Ground 2,Cuttack,India,,
11,925,Arlem Cricket Ground,Arlem Cricket Ground,Margao,India,,
12,926,TBD,TBD,Meerut,India,,
13,927,Country Cricket Stadium Gharota,Country Cricket Stadium Gharota,Jammu,India,,
14,928,TBD,TBD,Balurghat,India,,
15,929,SGSA Cricket Ground,SGSA Cricket Ground,Vadodara,India,,
16,930,Gujarat Refinery Cricket Ground,Gujarat Refinery Cricket Ground,Vadodara,India,,
17,931,SelaQui International School,SelaQui International School,Dehradun,India,,
18,932,ITM University,ITM University,Gwalior,India,,
19,933,Dr Babasaheb Ambedkar Stadium,Dr Babasaheb Ambedkar Stadium,Baramati,India,,
20,934,TBD,TBD,Kharagpur,India,,
21,935,Gyankalash Cricket Ground,Gyankalash Cricket Ground,Saharanpur,India,,
22,936,Reliance Ground,Reliance Ground,Navi Mumbai,India,,
23,937,Salem Cricket Foundation Ground,Salem Cricket Foundation Ground,Salem,India,,
24,938,TBD,TBD,Coimbatore,India,,
25,939,TBD,TBD,Secunderabad,India,,
26,940,TBD,TBD,Bardez,India,,
27,941,TBD,TBD,Kota,India,,
28,942,Al Amerat Cricket Ground 2,Al Amerat Cricket Ground 2,Al Amerat,Oman,,
29,943,Los Reyes Polo Club,Los Reyes Polo Club,Alajuela,Costa Rica,,
30,944,Falkland Cricket Club,Falkland Cricket Club,Newbury,England,,
31,945,Boscawen Park,Boscawen Park,Truro,England,,
32,946,Copdock and Old Ipswichian Cricket Club,Copdock and Old Ipswichian Cricket Club,Copdock,England,,
33,947,Eastnor Cricket Club,Eastnor Cricket Club,Ledbury,England,,
34,948,Knypersley Cricket Club,Knypersley Cricket Club,Knypersley,England,,
35,949,Manor Park,Manor Park,Horsford,England,,
36,950,High Wycombe Cricket Club,High Wycombe Cricket Club,High Wycombe,England,,
37,951,The Maer Ground,The Maer Ground,Exmouth,England,,
38,952,Bedford School,Bedford School,Bedford,England,,
39,953,North Perrott Cricket Club,North Perrott Cricket Club,North Perrott,England,,
40,954,South Wilts Cricket Club,South Wilts Cricket Club,Salisbury,England,,
41,955,Shifnal Cricket Club,Shifnal Cricket Club,Shifnal,England,,
42,956,Edgbaston Community Sports Ground,Edgbaston Community Sports Ground,Birmingham,,,
43,957,Chatsworth Oval,Chatsworth Oval,Durban,South Africa,,
44,958,Recreation Ground,Recreation Ground,Oudtshoorn,South Africa,,
45,959,Beckenham,Beckenham,Beckenham,England,,
46,960,TBD,TBD,Dehradun,India,,
47,961,TBD,TBD,Lahli,India,,
48,962,TBD,TBD,Kanpur,India,,
49,963,TBD,TBD,Mumbai,India,,
50,964,TBD,TBD,Mulapadu,India,,
51,965,TBD,TBD,Vadodara,India,,
52,966,TBD,TBD,Indore,India,,
53,967,TBD,TBD,Pune,India,,
54,968,TBD,TBD,Rajkot ,India,,
55,969,TBD,TBD,Mangaldai ,India,,
56,970,TBD,TBD,Vizianagaram,India,,
57,971,TBD,TBD,Shimoga,India,,
58,972,TBD,TBD, Nagothane,India,,
59,973,TBD,TBD,Nadiad,India,,
60,974,TBD,TBD,Lucknow,India,,
61,975,TBD,TBD,Baramati,India,,
62,976,TBD,TBD,Jamshedpur,India,,
63,977,TBD,TBD,Chandigarh,India,,
64,978,TBD,TBD,Kadapa,India,,
65,979,TBD,TBD,Golaghat,India,,
66,980,TBD,TBD,Ghaziabad,India,,
67,981,TBD,TBD,Salem,India,,
68,982,TBD,TBD,Barpeta,India,,
69,983,TBD,TBD,Bokaro,India,,
70,984,TBD,TBD,Cochin,India,,
71,985,TBD,TBD,Agartala,India,,
72,986,TBD,TBD,Barasat,India,,
73,987,TBD,TBD,Dhanbad,India,,
74,988,TBD,TBD,Tezpur,India,,
75,989,Braamfischer Oval,Braamfischer Oval,Soweto,South Africa,,
76,990,Mandela Oval,Mandela Oval,Hammanskraal,South Africa,,
77,991,Irene County Club,Irene County Club,Pretoria,South Africa,,
78,992,St. Sithians College,St. Sithians College,Johannesburg,South Africa,,
79,993,St. John's College,St. John's College,Johannesburg,South Africa,,
80,994,James Long Stadium,James Long Stadium,Kolkata,India,,
81,995,Shaheed Vijay Singh Pathak Sports Complex Ground,Shaheed Vijay Singh Pathak Sports Complex Ground,Greater Noida,India,,
82,996,TBD,TBD,Bhubaneshwar,India,,
83,997,K.C. International Sports Complex,K.C. International Sports Complex,Jammu,India,,
84,998,TBD,TBD,Panchukula,India,,
85,999,TBD,TBD,Dibrugarh,India,,
86,1000,Dadoji Konddev Stadium,Dadoji Konddev Stadium,Thane,India,,
87,1001,BDSA Playground,BDSA Playground,Barpeta,India,,
88,1002,Telco Cricket Ground,Telco Cricket Ground,Pune,India,,
89,1003,No. 1 Sports Ground,No. 1 Sports Ground,Newcastle,Australia,,
90,1004,TBD,TBD,Mangalagiri,India,,
91,1005,Pacific Sports Complex,Pacific Sports Complex,Karanpur,India,,
92,1006,TBD,TBD,Ahmedabad,India,,
93,1007,Desert Springs,Desert Springs,Almeria,Spain,,
94,1008,CCFC Ground,CCFC Ground,Kolkata,India,,
95,1009,VB Nest Ground,VB Nest Ground,Chennai,India,,
96,1010,Tribhuvan University International Cricket Ground,Tribhuvan University International Cricket Ground,Kirtipur,Nepal,,
97,1011,Darlington Cricket Club,Darlington Cricket Club,Darlington,England,,
98,1012,Osborne Avenue,Osborne Avenue,Jesmond,England,,
99,1013,Wanderers,Wanderers,Windhoek,Namibia,,
0,1014,KORM College Ground,KORM College Ground,Kadapa,India,,
1,1015,St Paul's College Ground,St Paul's College Ground,Cochin,India,,
2,1016,Maulana Azad Stadium,Maulana Azad Stadium,Jammu,India,,
3,1017,CAP Ground 3,CAP Ground 3,Puducherry,India,,
4,1018,Sanosara Cricket Ground,Sanosara Cricket Ground,Rajkot ,India,,
5,1019,Gujarat College Cricket Ground 'B',Gujarat College Cricket Ground 'B',Ahmedabad,India,,
